{
  "metadata": {
    "schemaVersion": "1.0",
    "importType": "LEX",
    "importFormat": "JSON"
  },
  "resource": {
    "description": "User can select a list of accessories they want their vehicle to come with.",
    "name": "CarAccessoriesValues",
    "version": "1",
    "enumerationValues": [
      {
        "value": "Gaming Console"
      },
      {
        "value": "Entertainment System"
      },
      {
        "value": "8G Network Access"
      },
      {
        "value": "Built-in Workspace"
      },
      {
        "value": "Extra Trunk Space"
      }
    ],
    "valueSelectionStrategy": "ORIGINAL_VALUE"
  }
}