{
  "metadata": {
    "schemaVersion": "1.0",
    "importType": "LEX",
    "importFormat": "JSON"
  },
  "resource": {
    "description": "Enumeration representing possible types of cars available for rental",
    "name": "CarTypeValues",
    "version": "3",
    "enumerationValues": [
      {
        "value": "standard"
      },
      {
        "value": "full size"
      },
      {
        "value": "convertible "
      },
      {
        "value": "midsize"
      },
      {
        "value": "crossover"
      },
      {
        "value": "truck"
      },
      {
        "value": "2 door"
      },
      {
        "value": "luxury"
      },
      {
        "value": "coupe"
      },
      {
        "value": "economy"
      },
      {
        "value": "minivan"
      }
    ],
    "valueSelectionStrategy": "ORIGINAL_VALUE"
  }
}