{
  "metadata": {
    "schemaVersion": "1.0",
    "importType": "LEX",
    "importFormat": "JSON"
  },
  "resource": {
    "description": "Choosing vehicle accessories",
    "name": "VehicleAccessoriesValues",
    "version": "3",
    "enumerationValues": [
      {
        "value": "Gaming Console"
      },
      {
        "value": "Entertainment System"
      },
      {
        "value": "Built-in Workspace"
      },
      {
        "value": "Extra Trunk Space"
      },
      {
        "value": "8G network"
      }
    ],
    "valueSelectionStrategy": "ORIGINAL_VALUE"
  }
}